{"cameraMode":{"drawMode":0,"name":"Shaded","section":"Shading Mode"},"sceneLighting":false,"audioPlay":false,"sceneViewState":{"showFog":true,"showMaterialUpdate":false,"showSkybox":true,"showFlares":true,"showImageEffects":true,"showParticleSystems":true},"in2DMode":false,"pivot":{"x":-6.8065056800842289,"y":7.856618881225586,"z":5.756442546844482},"rotation":{"x":0.07672111690044403,"y":0.8822749853134155,"z":-0.1545352339744568,"w":0.437996506690979},"size":6.321734428405762,"orthographic":false}