{"cameraMode":{"drawMode":0,"name":"Shaded","section":"Shading Mode"},"sceneLighting":true,"audioPlay":false,"sceneViewState":{"showFog":true,"showMaterialUpdate":false,"showSkybox":true,"showFlares":true,"showImageEffects":true,"showParticleSystems":true},"in2DMode":false,"pivot":{"x":52.04197311401367,"y":213.78330993652345,"z":224.2941131591797},"rotation":{"x":-0.27458223700523379,"y":-0.6366834044456482,"z":0.2601524591445923,"w":-0.6720155477523804},"size":14.080058097839356,"orthographic":false}